level,message,timestamp
ERROR,Cache refresh completed,2024-02-04T16:39:00
WARNING,Null values detected in transactions.amount,2024-06-11T23:06:00
INFO,Data pipeline executed successfully,2024-04-06T10:03:00
ERROR,Null values detected in transactions.amount,2024-04-24T19:46:00
WARNING,Null values detected in transactions.amount,2024-06-12T14:40:00
INFO,Null values detected in transactions.amount,2024-09-04T06:14:00
ERROR,Rate limit threshold approaching,2024-08-24T02:35:00
ERROR,Null values detected in transactions.amount,2024-01-01T00:50:00
WARNING,Null values detected in transactions.amount,2024-09-21T19:33:00
ERROR,Connection pool utilization at 60%,2024-12-21T02:19:00
ERROR,Cache refresh completed,2024-01-20T08:00:00
WARNING,Minor delay in ingestion,2024-04-04T18:44:00
ERROR,Rate limit threshold approaching,2024-08-01T20:45:00
WARNING,User ID format mismatch detected between tables,2025-05-05T15:07:00
INFO,Null values detected in transactions.amount,2024-03-03T19:20:00
INFO,Null values detected in transactions.amount,2024-07-04T23:31:00
WARNING,Connection pool utilization at 60%,2024-09-29T19:16:00
WARNING,Null values detected in transactions.amount,2024-01-26T22:29:00
INFO,Cache refresh completed,2024-10-02T22:55:00
ERROR,Cache refresh completed,2024-10-04T21:45:00
ERROR,Schema validation passed,2024-04-19T15:41:00
WARNING,Data pipeline executed successfully,2024-05-23T05:38:00
INFO,Connection pool utilization at 60%,2024-06-08T19:38:00
WARNING,Cache refresh completed,2024-11-23T12:32:00
INFO,Connection pool utilization at 60%,2024-03-02T12:31:00
INFO,Minor delay in ingestion,2024-11-24T02:17:00
INFO,Null values detected in transactions.amount,2024-02-27T12:07:00
ERROR,Null values detected in transactions.amount,2024-07-17T02:24:00
WARNING,Rate limit threshold approaching,2024-10-31T01:51:00
WARNING,Minor delay in ingestion,2024-11-02T11:44:00
WARNING,User ID format mismatch detected between tables,2024-09-19T19:01:00
WARNING,Rate limit threshold approaching,2024-07-17T19:36:00
INFO,Minor delay in ingestion,2024-10-07T23:43:00
INFO,Connection pool utilization at 60%,2024-07-11T10:00:00
WARNING,Minor delay in ingestion,2024-08-24T10:11:00
ERROR,Cache refresh completed,2024-07-29T05:40:00
INFO,Schema validation passed,2024-08-13T05:41:00
ERROR,Rate limit threshold approaching,2024-02-09T01:47:00
WARNING,Schema validation passed,2024-01-04T23:27:00
INFO,Connection pool utilization at 60%,2024-12-20T19:39:00
WARNING,Rate limit threshold approaching,2024-11-20T00:39:00
WARNING,Schema validation passed,2024-06-24T01:31:00
INFO,Connection pool utilization at 60%,2024-08-20T08:14:00
ERROR,Schema validation passed,2024-02-23T03:56:00
ERROR,Data pipeline executed successfully,2024-01-23T15:29:00
ERROR,Rate limit threshold approaching,2024-09-04T08:06:00
WARNING,Cache refresh completed,2024-05-24T22:35:00
INFO,Cache refresh completed,2024-06-22T15:50:00
WARNING,User ID format mismatch detected between tables,2024-06-19T08:18:00
WARNING,Minor delay in ingestion,2024-11-10T17:52:00
ERROR,Minor delay in ingestion,2024-03-03T05:05:00
INFO,Schema validation passed,2024-10-15T07:41:00
INFO,Cache refresh completed,2024-01-07T09:53:00
ERROR,Rate limit threshold approaching,2024-12-01T00:12:00
INFO,Null values detected in transactions.amount,2024-06-16T18:17:00
INFO,Schema validation passed,2024-12-12T16:33:00
ERROR,Connection pool utilization at 60%,2024-02-29T04:41:00
ERROR,Null values detected in transactions.amount,2024-04-16T17:38:00
INFO,Schema validation passed,2024-08-07T09:15:00
WARNING,Null values detected in transactions.amount,2024-01-24T18:03:00
INFO,Data pipeline executed successfully,2024-03-15T14:27:00
ERROR,Minor delay in ingestion,2024-10-29T09:24:00
WARNING,Schema validation passed,2024-07-08T13:32:00
WARNING,Minor delay in ingestion,2024-01-11T01:37:00
ERROR,Null values detected in transactions.amount,2024-02-04T20:15:00
WARNING,Cache refresh completed,2024-08-20T03:11:00
ERROR,Rate limit threshold approaching,2024-10-02T13:29:00
WARNING,Null values detected in transactions.amount,2024-03-01T07:53:00
ERROR,Cache refresh completed,2024-06-03T22:27:00
ERROR,Data pipeline executed successfully,2024-07-02T07:59:00
WARNING,Data pipeline executed successfully,2024-01-11T00:05:00
INFO,Null values detected in transactions.amount,2024-11-27T18:18:00
WARNING,Schema validation passed,2024-06-05T00:37:00
WARNING,Cache refresh completed,2024-10-10T15:41:00
INFO,Null values detected in transactions.amount,2024-11-13T18:01:00
WARNING,Data pipeline executed successfully,2024-07-15T08:00:00
WARNING,Minor delay in ingestion,2024-06-25T03:37:00
WARNING,Schema validation passed,2024-12-15T21:25:00
INFO,Schema validation passed,2024-11-27T17:42:00
INFO,Schema validation passed,2024-12-21T14:33:00
ERROR,Cache refresh completed,2024-12-11T02:47:00
WARNING,Schema validation passed,2024-07-25T00:01:00
WARNING,Data pipeline executed successfully,2024-02-13T11:01:00
ERROR,Rate limit threshold approaching,2024-11-14T06:39:00
INFO,Schema validation passed,2024-11-08T16:07:00
ERROR,Connection pool utilization at 60%,2024-07-28T23:42:00
INFO,Minor delay in ingestion,2024-09-26T00:20:00
WARNING,Rate limit threshold approaching,2024-10-20T02:01:00
ERROR,Minor delay in ingestion,2024-10-27T07:56:00
WARNING,Null values detected in transactions.amount,2024-09-03T17:19:00
WARNING,Minor delay in ingestion,2024-02-11T06:05:00
WARNING,Null values detected in transactions.amount,2024-03-06T10:44:00
ERROR,Data pipeline executed successfully,2024-11-25T14:17:00
WARNING,Minor delay in ingestion,2024-02-26T18:59:00
ERROR,Schema validation passed,2024-02-05T08:12:00
ERROR,Data pipeline executed successfully,2024-12-15T15:42:00
ERROR,Minor delay in ingestion,2024-11-18T22:12:00
INFO,Null values detected in transactions.amount,2024-06-19T13:26:00
WARNING,Cache refresh completed,2024-01-31T00:33:00
INFO,Rate limit threshold approaching,2024-04-07T07:23:00
WARNING,Schema validation passed,2024-07-06T21:00:00
INFO,Cache refresh completed,2024-01-20T11:38:00
WARNING,Minor delay in ingestion,2024-06-18T04:25:00
ERROR,Cache refresh completed,2024-03-18T18:37:00
ERROR,Minor delay in ingestion,2024-03-23T04:20:00
WARNING,Minor delay in ingestion,2024-12-27T13:33:00
ERROR,Minor delay in ingestion,2024-01-15T03:47:00
WARNING,Data pipeline executed successfully,2024-11-02T23:53:00
WARNING,Cache refresh completed,2024-03-25T22:42:00
INFO,Rate limit threshold approaching,2024-11-22T20:06:00
ERROR,Cache refresh completed,2024-06-22T10:35:00
WARNING,Null values detected in transactions.amount,2024-08-28T05:28:00
INFO,Schema validation passed,2024-06-12T22:56:00
INFO,Cache refresh completed,2024-01-12T09:26:00
INFO,Schema validation passed,2024-05-24T12:35:00
ERROR,Minor delay in ingestion,2024-05-18T12:17:00
WARNING,Null values detected in transactions.amount,2024-04-28T01:11:00
ERROR,Null values detected in transactions.amount,2024-07-15T14:37:00
ERROR,Schema validation passed,2024-03-27T00:52:00
WARNING,Schema validation passed,2024-10-20T12:26:00
INFO,Cache refresh completed,2024-07-18T23:59:00
WARNING,Schema validation passed,2024-05-30T05:00:00
ERROR,Cache refresh completed,2024-11-12T02:02:00
WARNING,Null values detected in transactions.amount,2024-10-11T11:20:00
ERROR,Connection pool utilization at 60%,2024-06-18T21:48:00
ERROR,Rate limit threshold approaching,2024-02-13T03:51:00
WARNING,Connection pool utilization at 60%,2024-01-16T00:37:00
INFO,Minor delay in ingestion,2024-04-07T04:48:00
INFO,Null values detected in transactions.amount,2024-03-10T04:29:00
WARNING,Rate limit threshold approaching,2024-06-29T13:29:00
WARNING,User ID format mismatch detected between tables,2024-10-02T04:03:00
INFO,Minor delay in ingestion,2024-07-02T14:35:00
ERROR,Data pipeline executed successfully,2024-01-04T17:09:00
WARNING,Rate limit threshold approaching,2024-09-20T14:26:00
WARNING,Null values detected in transactions.amount,2024-07-17T18:49:00
ERROR,Minor delay in ingestion,2024-01-07T19:28:00
INFO,Data pipeline executed successfully,2024-07-07T12:44:00
INFO,Data pipeline executed successfully,2024-04-04T16:39:00
ERROR,Rate limit threshold approaching,2024-06-03T06:41:00
INFO,Data pipeline executed successfully,2024-04-04T03:48:00
ERROR,Data pipeline executed successfully,2024-05-01T06:43:00
INFO,Null values detected in transactions.amount,2024-05-29T16:56:00
ERROR,Cache refresh completed,2024-05-27T04:06:00
ERROR,Null values detected in transactions.amount,2024-02-03T04:07:00
ERROR,Connection pool utilization at 60%,2024-07-28T10:20:00
WARNING,Rate limit threshold approaching,2024-04-26T13:01:00
ERROR,Minor delay in ingestion,2024-04-25T21:25:00
WARNING,Null values detected in transactions.amount,2024-09-19T19:56:00
INFO,Null values detected in transactions.amount,2024-11-12T22:32:00
WARNING,Null values detected in transactions.amount,2024-11-09T10:05:00
ERROR,Rate limit threshold approaching,2024-09-08T21:10:00
INFO,Minor delay in ingestion,2024-07-10T18:40:00
WARNING,Cache refresh completed,2024-02-07T06:01:00
WARNING,Connection pool utilization at 60%,2024-02-04T22:32:00
INFO,Minor delay in ingestion,2024-12-16T13:39:00
ERROR,Null values detected in transactions.amount,2024-08-27T07:37:00
WARNING,Minor delay in ingestion,2024-02-15T02:49:00
INFO,Data pipeline executed successfully,2024-01-12T17:23:00
INFO,Minor delay in ingestion,2024-12-17T19:34:00
WARNING,User ID format mismatch detected between tables,2025-02-22T03:37:00
INFO,Data pipeline executed successfully,2024-04-23T20:45:00
ERROR,Cache refresh completed,2024-02-18T11:29:00
INFO,Schema validation passed,2024-05-06T19:35:00
ERROR,Minor delay in ingestion,2024-01-17T11:11:00
INFO,Data pipeline executed successfully,2024-05-10T15:56:00
WARNING,Null values detected in transactions.amount,2024-02-08T05:51:00
INFO,Minor delay in ingestion,2024-05-07T21:49:00
ERROR,Connection pool utilization at 60%,2024-11-05T23:35:00
ERROR,Minor delay in ingestion,2024-10-20T07:55:00
INFO,Data pipeline executed successfully,2024-08-08T15:00:00
WARNING,Cache refresh completed,2024-12-29T07:09:00
WARNING,Connection pool utilization at 60%,2024-12-08T21:11:00
INFO,Connection pool utilization at 60%,2024-06-02T14:19:00
WARNING,Rate limit threshold approaching,2024-11-19T10:00:00
INFO,Minor delay in ingestion,2024-12-23T15:15:00
ERROR,Connection pool utilization at 60%,2024-02-01T18:22:00
WARNING,Data pipeline executed successfully,2024-07-19T03:07:00
WARNING,Null values detected in transactions.amount,2024-07-29T22:59:00
WARNING,Cache refresh completed,2024-11-22T22:37:00
INFO,Minor delay in ingestion,2024-11-11T01:23:00
WARNING,Null values detected in transactions.amount,2024-02-04T23:02:00
INFO,Null values detected in transactions.amount,2024-01-08T10:52:00
WARNING,Data pipeline executed successfully,2024-01-07T18:21:00
ERROR,Rate limit threshold approaching,2024-01-04T22:18:00
WARNING,Data pipeline executed successfully,2024-06-10T23:26:00
INFO,Cache refresh completed,2024-02-21T00:30:00
ERROR,Minor delay in ingestion,2024-11-22T23:01:00
ERROR,Null values detected in transactions.amount,2024-08-13T14:14:00
ERROR,Connection pool utilization at 60%,2024-10-18T07:22:00
INFO,Null values detected in transactions.amount,2024-05-06T07:04:00
ERROR,Schema validation passed,2024-03-22T10:48:00
ERROR,Null values detected in transactions.amount,2024-08-06T01:00:00
ERROR,Schema validation passed,2024-08-25T11:21:00
INFO,Rate limit threshold approaching,2024-12-06T19:12:00
ERROR,Minor delay in ingestion,2024-03-29T03:13:00
WARNING,Schema validation passed,2024-06-25T17:34:00
INFO,Cache refresh completed,2024-06-14T02:39:00
INFO,Null values detected in transactions.amount,2024-07-24T03:43:00
WARNING,Data pipeline executed successfully,2024-06-17T18:06:00
WARNING,Cache refresh completed,2024-04-25T19:34:00
WARNING,Rate limit threshold approaching,2024-01-08T19:33:00
INFO,Minor delay in ingestion,2024-04-27T17:41:00
WARNING,Null values detected in transactions.amount,2024-07-21T21:05:00
WARNING,Data pipeline executed successfully,2024-05-20T06:25:00
WARNING,Connection pool utilization at 60%,2024-04-28T23:17:00
